{
  "frame" : "{{0,0},{336,226}}",
  "views" : [
    {
      "properties" : {
        "image" : ""
      },
      "type" : "SCBackgroundView",
      "view_attributes" : {
        "color" : "{1.0,1.0,1.0,1.0}",
        "frame" : "{{0,0},{336,226}}",
        "transform" : "[1, 0, 0, 1, 0, 0]"
      }
    },
    {
      "properties" : {
        "editable" : true,
        "image" : "chineese_go.png",
        "placeholderImage" : ""
      },
      "type" : "SCPhotoView",
      "view_attributes" : {
        "color" : "{0.0,0.0,0.0,0.0}",
        "frame" : "{{0,0},{336,226}}",
        "transform" : "[1, 0, 0, 1, 0, 0]"
      }
    },
    {
      "properties" : {
        "image" : "textbg.png"
      },
      "type" : "SCBackgroundView",
      "view_attributes" : {
        "color" : "{0.0,0.0,0.0,0.0}",
        "frame" : "{{10,19},{132,176}}",
        "transform" : "[1, 0, 0, 1, 0, 0]"
      }
    },
    {
      "properties" : {
        "editable" : true,
        "fontColor" : "{0.36,0.15,0.04,1.0}",
        "fontName" : "IskoolaPota-Bold",
        "size" : 14,
		"default_size" : 14,
        "text" : "Happy Easter!"
      },
      "type" : "SCTextView",
      "view_attributes" : {
        "color" : "{0.0,0.0,0.0,0.0}",
        "frame" : "{{19,25},{111,50}}",
        "transform" : "[1, 0, 0, 1, 0, 0]"
      }
    },
    {
      "properties" : {
        "editable" : true,
        "fontColor" : "{0.0,0.23,0.17,1.0}",
        "fontName" : "IskoolaPota-Bold",
        "size" : 12,
		"default_size" : 12,
        "text" : "May all the joys of\nthis glorious season\nbe yours.\nHappy Easter."
      },
      "type" : "SCTextView",
      "view_attributes" : {
        "color" : "{0.0,0.0,0.0,0.0}",
        "frame" : "{{19,112},{111,80}}",
        "transform" : "[1, 0, 0, 1, 0, 0]"
      }
    }
  ]
}