{
  "frame" : "{{0,0},{336,226}}",
  "views" : [
    {
      "properties" : {
        "image" : ""
      },
      "type" : "SCBackgroundView",
      "view_attributes" : {
        "color" : "{1.0,1.0,1.0,1.0}",
        "frame" : "{{0,0},{336,226}}",
        "transform" : "[1, 0, 0, 1, 0, 0]"
      }
    },
    {
      "properties" : {
        "editable" : true,
        "image" : "chineese_go.png",
        "placeholderImage" : ""
      },
      "type" : "SCPhotoView",
      "view_attributes" : {
        "color" : "{0.0,0.0,0.0,0.0}",
        "frame" : "{{0,0},{336,226}}",
        "transform" : "[1, 0, 0, 1, 0, 0]"
      }
    },
    {
      "properties" : {
        "image" : "textbg.png"
      },
      "type" : "SCBackgroundView",
      "view_attributes" : {
        "color" : "{0.0,0.0,0.0,0.0}",
        "frame" : "{{7,19},{132,199}}",
        "transform" : "[1, 0, 0, 1, 0, 0]"
      }
    },
    {
      "properties" : {
        "editable" : true,
        "fontColor" : "{0.44,0.4,0.09,1.0}",
        "fontName" : "IskoolaPota-Bold",
        "size" : 18,
		"default_size" : 18,
        "text" : "Happy\nAnniversary!"
      },
      "type" : "SCTextView",
      "view_attributes" : {
        "color" : "{0.0,0.0,0.0,0.0}",
        "frame" : "{{16,25},{111,50}}",
        "transform" : "[1, 0, 0, 1, 0, 0]"
      }
    },
    {
      "properties" : {
        "editable" : true,
        "fontColor" : "{0.74,0.0,0.12,1.0}",
        "fontName" : "IskoolaPota-Bold",
        "size" : 10,
		"default_size" : 10,
        "text" : "May your marriage\nbe blessed with\nlove, joy & comp-\nanionship For all\nthe years of your\nlives!"
      },
      "type" : "SCTextView",
      "view_attributes" : {
        "color" : "{0.0,0.0,0.0,0.0}",
        "frame" : "{{16,123},{111,93}}",
        "transform" : "[1, 0, 0, 1, 0, 0]"
      }
    }
  ]
}