{
  "frame" : "{{0,0},{336,226}}",
  "views" : [
    {
      "properties" : {
        "image" : ""
      },
      "type" : "SCBackgroundView",
      "view_attributes" : {
        "color" : "{1.0,1.0,1.0,1.0}",
        "frame" : "{{0,0},{336,226}}",
        "transform" : "[1, 0, 0, 1, 0, 0]"
      }
    },
    {
      "properties" : {
        "editable" : true,
        "image" : "chineese_go.png",
        "placeholderImage" : ""
      },
      "type" : "SCPhotoView",
      "view_attributes" : {
        "color" : "{0.0,0.0,0.0,0.0}",
        "frame" : "{{0,0},{336,226}}",
        "transform" : "[1, 0, 0, 1, 0, 0]"
      }
    },
    {
      "properties" : {
        "image" : "textbg.png"
      },
      "type" : "SCBackgroundView",
      "view_attributes" : {
        "color" : "{0.0,0.0,0.0,0.0}",
        "frame" : "{{205,45},{132,174}}}",
        "transform" : "[1, 0, 0, 1, 0, 0]"
      }
    },
    {
      "properties" : {
        "editable" : true,
        "fontColor" : "{0.67,0.02,0.02,1.0}",
        "fontName" : "IskoolaPota-Bold",
        "size" : 18,
		"default_size" : 18,
        "text" : "Happy\nBirth Day!"
      },
      "type" : "SCTextView",
      "view_attributes" : {
        "color" : "{0.0,0.0,0.0,0.0}",
        "frame" : "{{214,51},{111,50}}",
        "transform" : "[1, 0, 0, 1, 0, 0]"
      }
    },
    {
      "properties" : {
        "editable" : true,
        "fontColor" : "{0.08,0.14,0.26,1.0}",
        "fontName" : "IskoolaPota-Bold",
        "size" : 12,
		"default_size" : 12,
        "text" : "Happy birthday,\nmay this day\nalways be a\nspecial one to\nremember."
      },
      "type" : "SCTextView",
      "view_attributes" : {
        "color" : "{0.0,0.0,0.0,0.0}",
        "frame" : "{{214,134},{111,80}}",
        "transform" : "[1, 0, 0, 1, 0, 0]"
      }
    }
  ]
}