{
  "frame" : "{{0,0},{336,226}}",
  "views" : [
    {
      "properties" : {
        "image" : ""
      },
      "type" : "SCBackgroundView",
      "view_attributes" : {
        "color" : "{1.0,1.0,1.0,1.0}",
        "frame" : "{{0,0},{336,226}}",
        "transform" : "[1, 0, 0, 1, 0, 0]"
      }
    },
    {
      "properties" : {
        "editable" : true,
        "image" : "chineese_go.png",
        "placeholderImage" : ""
      },
      "type" : "SCPhotoView",
      "view_attributes" : {
        "color" : "{0.0,0.0,0.0,0.0}",
        "frame" : "{{0,0},{336,226}}",
        "transform" : "[1, 0, 0, 1, 0, 0]"
      }
    },
    {
      "properties" : {
        "image" : "textbg.png"
      },
      "type" : "SCBackgroundView",
      "view_attributes" : {
        "color" : "{0.0,0.0,0.0,0.0}",
        "frame" : "{{7,19},{132,184}}",
        "transform" : "[1, 0, 0, 1, 0, 0]"
      }
    },
    {
      "properties" : {
        "editable" : true,
        "fontColor" : "{0.43,0.0,0.09,1.0}",
        "fontName" : "IskoolaPota-Bold",
        "size" : 18,
		"default_size" : 18,
        "text" : "Gong Xi\nFa Chai!"
      },
      "type" : "SCTextView",
      "view_attributes" : {
        "color" : "{0.0,0.0,0.0,0.0}",
        "frame" : "{{16,25},{111,50}}",
        "transform" : "[1, 0, 0, 1, 0, 0]"
      }
    },
    {
      "properties" : {
        "editable" : true,
        "fontColor" : "{0.74,0.0,0.12,1.0}",
        "fontName" : "IskoolaPota-Bold",
        "size" : 12,
		"default_size" : 12,
        "text" : "May you be happy\nand prosperous!\nGood fortunes as\nyou wish."
      },
      "type" : "SCTextView",
      "view_attributes" : {
        "color" : "{0.0,0.0,0.0,0.0}",
        "frame" : "{{16,112},{111,80}}",
        "transform" : "[1, 0, 0, 1, 0, 0]"
      }
    }
  ]
}